{"cameraMode":{"drawMode":0,"name":"Shaded","section":"Shading Mode"},"sceneLighting":true,"audioPlay":false,"sceneViewState":{"m_AlwaysRefresh":false,"showFog":true,"showSkybox":true,"showFlares":true,"showImageEffects":true,"showParticleSystems":true,"showVisualEffectGraphs":true,"m_FxEnabled":true},"in2DMode":false,"pivot":{"x":-1.3572864532470704,"y":-494.3353271484375,"z":78.55387115478516},"rotation":{"x":0.6485750079154968,"y":-0.015980670228600503,"z":0.013621916063129902,"w":0.7608615756034851},"size":263.8649597167969,"orthographic":false}